{
    "files": {
        "metadata.json": {
            "time": 1738447597.230746
        }
    },
    "folders": {
        "Algebra 2": {
            "content": {
                "files": {
                    "Predavanja upl.pdf": {
                        "time": 1738447597.2304287
                    },
                    "Zapiski upl.pdf": {
                        "time": 1738447597.2304752
                    }
                },
                "folders": {}
            },
            "time": 1738447597.2304773
        },
        "Diskretna matematika": {
            "content": {
                "files": {
                    "Diskretna matematika upl.pdf": {
                        "time": 1738447597.2306297
                    },
                    "Formule 2 diskretna upl.pdf": {
                        "time": 1738447597.2306693
                    },
                    "Teorija upl.pdf": {
                        "time": 1738447597.2307098
                    }
                },
                "folders": {}
            },
            "time": 1738447597.2307112
        },
        "Topologija": {
            "content": {
                "files": {
                    "topologija upl.pdf": {
                        "time": 1738447597.2308795
                    }
                },
                "folders": {}
            },
            "time": 1738447597.2308807
        }
    }
}