{
    "02a0ccda-bc56-41a4-a905-da04520556a9": {
        "name": "Zapiski upl",
        "family": [
            "Algebra 2"
        ],
        "last modified": 1738332197.829,
        "convertet time": 1738932555.4986293
    },
    "0fd6265d-1ef9-4e51-9883-42d0a20d6249": {
        "name": "Diskretna matematika upl",
        "family": [
            "Diskretna matematika"
        ],
        "last modified": 1738436795.94,
        "convertet time": 1738932964.8515797
    },
    "17672e08-80c8-404f-84b9-82c84d14a779": {
        "name": "Predavanja upl",
        "family": [
            "Algebra 2"
        ],
        "last modified": 1738326356.885,
        "convertet time": 1738933158.5582569
    },
    "46dec9b4-afd4-44db-98b3-3cdbe6875a6e": {
        "name": "Formule 2 diskretna upl",
        "family": [
            "Diskretna matematika"
        ],
        "last modified": 1738404714.968,
        "convertet time": 1738933191.2424877
    },
    "5750e34d-1689-477e-a968-d17bb7682102": {
        "name": "topologija upl",
        "family": [
            "Topologija"
        ],
        "last modified": 1738326148.882,
        "convertet time": 1738933407.498768
    },
    "94b728bf-f022-48eb-99f8-e3344dedc0f9": {
        "name": "Teorija upl",
        "family": [
            "Diskretna matematika"
        ],
        "last modified": 1738487260.887,
        "convertet time": 1738933462.7063396
    },
    "a9754c63-57c8-4098-955f-781414d1bf96": {
        "name": "Izreki upl",
        "family": [
            "Topologija"
        ],
        "last modified": 1738452848.038,
        "convertet time": 1738933470.2289505
    },
    "b6faac2a-c61e-479b-8dd2-dbe49a3d9555": {
        "name": "Postopki upl",
        "family": [
            "Topologija"
        ],
        "last modified": 1738326172.896,
        "convertet time": 1738933480.681708
    }
}