{
    "02a0ccda-bc56-41a4-a905-da04520556a9": {
        "name": "Zapiski@",
        "family": [
            "Algebra 2"
        ],
        "last modified": 1740676640.575,
        "convertet time": 1740738125.029448
    },
    "0ed79eb0-214d-4c16-8804-cb1b681b9572": {
        "name": "Predavanja@",
        "family": [
            "Uvod vgeometrijsko topologijo"
        ],
        "last modified": 1740677377.096,
        "convertet time": 1740738186.3525567
    },
    "17672e08-80c8-404f-84b9-82c84d14a779": {
        "name": "Predavanja@",
        "family": [
            "Algebra 2"
        ],
        "last modified": 1740676662.649,
        "convertet time": 1740740988.0747752
    },
    "3717bf0b-5840-4fba-855e-9af0f135be30": {
        "name": "Fizika 2@",
        "family": [
            "Fizika 2"
        ],
        "last modified": 1740677304.457,
        "convertet time": 1740743690.5094943
    },
    "56e994fa-2d32-48e7-8700-17aaf63d7dcf": {
        "name": "Predavanja@",
        "family": [
            "Analiza 2b"
        ],
        "last modified": 1740676994.157,
        "convertet time": 1740743930.7815802
    }
}